;Position;Name;Sequence;Amount, oe;Amount, nmol;Desolving;Purification;order ID;Mass, Da;Extinction
0;A9;Q31L-FW  (A9);ACAGTGGGCATGGCTTACC;7;39;390;RP-картридж_biocomma1000;2386;5828.79;181000
1;B9;Q31L-Rev  (B9);GCCTGGTCTCCGTGTCA;5;33;330;RP-картридж_biocomma1000;2387;5153.34;150700
2;C9;L100P-FW  (C9);CCACTGCCAAGCCTCACT;11;70;700;RP-картридж_biocomma1000;2388;5364.5;157000
3;D9;L100P-Rev  (D9);GGCCACAGCAGGGACAA;5;29;290;RP-картридж_biocomma1000;2389;5238.43;172900
4;E9;cow_CD36_F  (E9);CTGGCTGTGTTTGGAGGGAT;13;69;690;RP-картридж_biocomma1000;2398;6235.03;188300
5;F9;cow_CD36_R  (F9);TGTGCCTTCTTCAAGGACAACT;7;35;350;RP-картридж_biocomma1000;2399;6685.34;202300
6;G9;cow_DGAt2_F  (G9);TCATCTCGGTGCTACAATGGG;7;35;350;RP-картридж_biocomma1000;2400;6437.17;197800
7;H9;cow_DGAt2_R  (H9);CAGCAATCGGTGCAGAATGT;8;40;400;RP-картридж_biocomma1000;2401;6166.02;198500
8;A10;cow_SCD1_F  (A10);ACAATTCCCGACGTGGCTT;5;28;280;RP-картридж_biocomma1000;2402;5763.75;176000
9;B10;cow_SCD1_R  (B10);GGCATAACGGAATAAGGTGGC;5;23;230;RP-картридж_biocomma1000;2403;6544.26;216600
10;C10;cow_CytB_F  (C10);CGGAGTAATCCTTCTGCTCACAGT;6;27;270;RP-картридж_biocomma1000;2404;7303.73;223100
11;D10;cow_CytB_R  (D10);GGATTGCTGATAAGAGGTTGGTG;5;22;220;RP-картридж_biocomma1000;2405;7214.67;231900
12;E10;MHV_2L-Fw  (E10);C+TACAGT+TCGGT+TACA+CGAG;5;26;260;RP-картридж_biocomma1000;2413;6229.02;194500
13;F10;MHV_2L-Rv  (F10);ACGC+AAT+TGAA+AATACAC+AA;8;38;380;RP-картридж_biocomma1000;2414;6223.08;212500
14;G10;lyambda_2 BIP  (G10);ATACAACGTAACGGTGGCTGGGAGGCCAGATACTGCGAGG;3;7;70;RP-картридж_biocomma1000;2415;12460.03;400400
15;H10;lyambda_2 LF  (H10);TGGTTTCCACCAGTGCCTG;11;65;650;RP-картридж_biocomma1000;2416;5770.74;168900
16;A11;lyambda_2 BIP  (A11);ATACAACGTAACGGTGGCTGGGAGGCCAGATACTGCGAGG;4;10;100;RP-картридж_biocomma1000;2415;12460.03;400400
17;B11;lyambda_2 LF  (B11);TGGTTTCCACCAGTGCCTG;6;36;360;RP-картридж_biocomma1000;2416;5770.74;168900
18;C11;Q31L-WT  (C11);[6FAM]CAGTAGCCCCTCAGAGG[BHQ1];4;21;210;Хроматография;2382;6273.11;192300
19;D11;L100P-WT  (D11);[6FAM]CTCTTGAGAAAAGGCT[BHQ1];4;22;220;Хроматография;2384;5997.95;184400
20;E11;MSTN rs861-C-PL6  (E11);[6FAM]CTG+CGCCTGGAACAAGCA[BHQ1];9;45;450;RP-картридж;2408;6614.33;199400
21;F11;MSTN rs861-C-PL6  (F11);[6FAM]CTG+CGCCTGGAACAAGCA[BHQ1];0;0;0;RP-картридж;2408;6614.33;199400
22;G11;MHV_2L-Probe  (G11);[6FAM]TG+TGGT+TAATGTGG+CCAC+TG[BHQ1];4;18;180;Cart;2412;7383.78;217700
23;H11;cow_CytB_P  (H11);[Alk]CATGAGGACAAATATC[BHQ1];3;17;170;RP-картридж_HEX;2406;5723.86;174600
24;A12;MSTN rs861-G-PL5  (A12);[Alk]AG+СC+GCAGTTTGCTGAGA[BHQ1];1;6;60;RP-картридж_HEX;2407;6132.07;175400
25;B12;MSTN rs861-G-Р3  (B12);[Alk]CCGCAGTTTGCTGAGGATTTGAATT[BHQ1];1;4;40;RP-картридж_HEX;2409;8528.62;244100
26;C12;ADRB3-64-C  (C12);[Alk]CATCGCCCGGACTCCGA[BHQ2];4;25;250;RP-картридж_HEX;2410;5943.93;162200
27;D12;CYP2R1-657-C2  (D12);[Alk]ACAGCCCTCGCCTGCTAAA[BHQ2];9;49;490;RP-картридж_HEX;2411;6545.33;183000
28;E12;Q31L-M  (E12);[Alk]CAGTAGCCCCTCTGAGG[BHQ1];4;24;240;Хроматография_R6G;2383;5996.99;166100
29;F12;L100P-M  (F12);[Alk]CTCTTGGGAAAAGGCT[BHQ1];4;25;250;Хроматография_R6G;2385;5746.85;160400
